date,type,status,title
2026-04-25,long,published,【宿泊記】東京にこんなホテルが！？立川のソラノホテルへ
2026-06-06,long,published,【日本初公開？】MSCワールドエウローパ テラス付きグランドスイートアウレアのキャビンツアー
2026-06-19,long,published,【完全版】MSCワールドエウローパ船内ツアー｜これ1本で船内の全てがわかる
2026-06-20,short,published,この船に10室しかない角部屋
2026-06-22,short,published,これ、本当に船の中です。
2026-06-24,short,published,この船、遊び場の規模が違う。｜MSCワールドエウローパ
2026-06-26,short,published,知らないと損する船内グルメ情報｜MSCワールドエウローパ
2026-06-27,long,published,【乗船日】知らないと損する乗船日の過ごし方｜MSCワールドエウローパ地中海クルーズ
2026-06-27,short,published,この船、夜になると別世界です。｜MSCワールドエウローパ 
2026-06-29,short,published,ここ、巨大客船の屋上です。｜MSCワールドエウローパ
2026-07-01,short,published,この船、夜も退屈しません。｜MSCワールドエウローパ
2026-07-03,short,published,乗船日の流れ、知らないと損します。｜MSCワールドエウローパ
2026-07-05,long,published,【マルセイユ完全攻略】港からのアクセスと絶景を効率よく楽しむ｜地中海クルーズ寄港地
2026-07-07,short,published,この船からの景色、やばいです。｜MSCワールドエウローパ
2026-07-09,short,published,この船、海を見ながら整えます。｜MSCワールドエウローパ
2026-07-11,long,published,【ジェノヴァ完全攻略】港から徒歩・公共バスで巡る世界遺産｜地中海クルーズ寄港地
2026-07-12,short,published,一度訪れたら忘れられない街🇫🇷 地中海の港町マルセイユ｜MSCクルーズ
2026-07-13,short,published,地中海貿易で栄えた世界遺産の港町🇮🇹 ジェノヴァ｜MSCクルーズ
2026-07-18,long,published,【ナポリ完全攻略】カオスな街と絶景のギャップ｜「ナポリを見てから◯ね」と称される絶景＆本場ナポリピザ｜地中海クルーズ寄港地
2026-07-19,short,published,【ナポリ半日観光】外せないスポット6選🇮🇹|MSCクルーズ寄港地
2026-07-25,long,published,【メッシーナ完全攻略】電車で行く「シチリア島の真珠」タオルミーナ日帰り観光｜地中海クルーズ寄港地
2026-07-26,short,published,シチリア島の真珠と呼ばれる街、タオルミーナ🇮🇹 #mscworldeuropa
2026-08-01,long,published,【ヴァレッタ完全攻略】マルタ騎士団が築いた世界遺産の要塞都市｜地中海クルーズ寄港地
2026-08-02,short,published,【マルタ】世界遺産ヴァレッタの絶景｜地中海に浮かぶ要塞都市🇲🇹 #mscworldeuropa
2026-08-08,long,published,【下船日】バルセロナ下船後、1日でサグラダ・ファミリアを堪能する｜MSCワールドエウローパ
2026-08-09,short,published,クルーズ下船後、バルセロナを1日観光🇪🇸 #mscworldeuropa
2026-08-29,long,published,【バルセロナ旅行前必見】サグラダ・ファミリア、これ一本で全てわかります
2026-09-05,long,published,【羽田空港】AMEXセンチュリオンラウンジを徹底紹介｜食事・バー・シャワーを体験
2026-09-12,long,published,【徹底比較】香港空港のプライオリティパスラウンジを全て巡って、一番おすすめの使い方を紹介します
2026-09-19,long,published,【香港国際空港】AMEXセンチュリオンラウンジを徹底紹介｜羽田のラウンジと比較した結果も
2026-09-22,long,published,【キャセイパシフィック航空】世界No.1のエコノミークラスで行くバルセロナ｜羽田→香港(B777-300ER)・香港→バルセロナ(A350-900)
2026-09-26,long,published,【バルセロナ街歩き】街の空気と食を楽しむ半日観光｜旧市街・カタルーニャ音楽堂・ボケリア市場・ZARA
2026-10-03,long,planned,【ガウディ建築完全制覇】今日はがっつり1日で4施設｜グエル公園・カサビセンス・カサミラ・カサバトリョ
2026-10-10,long,planned,マドリード一日観光
2026-10-17,long,planned,リッツマドリード宿泊
2026-10-24,long,planned,トレド観光とマドリードオープン　フレックスシェラトン　明日はバルセロナへ（クルーズの話はしない）
2026-10-31,long,planned,帰国日　朝サグラダおすすめ　空港　キャセイA350-900　香港6時間観光
2026-11-07,long,planned,金沢帰省　北陸新幹線と金沢駅　レオン感情フック
2026-11-14,long,planned,帰省したら食べたくなる金沢飯
2026-11-21,long,planned,セントレジス大阪宿泊
2026-11-23,long,planned,大阪おすすめホテルランキング
2026-11-28,long,planned,東北グランクラス　盛岡冷麺
2026-12-05,long,planned,雫石プリンスホテルと小岩井農場
2026-12-12,long,planned,平泉散策と仙台牛タン　帰路
2026-12-19,long,planned,ホテルブランドを車メーカーに例えてみた
2026-12-26,long,planned,ホテルブランドを時計ブランドに例えてみた
2027-01-02,long,planned,日本のリッツカールトンランキング
2027-01-09,long,planned,冬の金沢帰省
2027-01-16,long,planned,2027年の特典航空券旅行公開　2月デルタマイル　7月ANAマイル
2027-01-23,long,planned,クルーズ船格付けランキング
2027-02-06,long,planned,ホテルザミツイハコネ宿泊
2027-02-13,long,planned,2027年フォーブス星まとめ
2027-02-20,long,planned,デルタスカイクラブラウンジ
2027-02-27,long,planned,センチュリオンラウンジ朝
2027-03-06,long,planned,大韓航空ビジネスクラスB787-10搭乗
2027-03-13,long,planned,ソウル一人旅
2027-03-20,long,planned,ソウル一人旅②
2027-03-27,long,planned,ZIPAIRフルフラットシート
2027-04-03,long,planned,国際航空アライアンスまとめ
2027-04-10,long,planned,高級ホテル格付けランキング
2027-05-08,long,planned,センチュリオンラウンジ夜
2027-05-15,long,planned,シンガポール航空A350-900、B781
2027-05-22,long,planned,シンガポール空港PPラウンジ巡り
2027-05-29,long,planned,バリ島①
2027-06-05,long,planned,バリ島②
2027-06-12,long,planned,バリ島③
2027-06-19,long,planned,アプルヴァケンピンスキー宿泊
2027-06-26,long,planned,UMANA BALI宿泊
2027-07-03,long,planned,シンガポール航空B781
2027-07-10,long,planned,ジュラシックワールドガーデンズバイザベイ
2027-07-24,long,planned,羽田T3 ANAラウンジ
2027-07-31,long,planned,ANA B789ビジネスクラス
2027-08-07,long,planned,ジャカルタ空港　ガルーダラウンジ　シンガポール航空特設スペース
2027-08-14,long,planned,シンガポール航空 B777-300ER　ビジネスクラス
2027-08-21,long,planned,チャンギ空港 シンガポール航空ラウンジ二つ
2027-08-28,long,planned,シンガポール航空 A350-900 ビジネスクラス
2027-09-04,long,planned,バンコク旅行
2027-09-11,long,planned,バンコクホテル
2027-09-18,long,planned,バンコク空港　ラウンジ巡り ロイヤルオーキッド
2027-09-25,long,planned,エバー航空 B781　ビジネスクラス
2027-10-02,long,planned,エバー航空 B789　ビジネスクラス
2027-10-09,long,planned,台湾桃園空港　エバーラウンジ
2027-11-06,long,planned,Amanzoe
2027-11-13,long,planned,サントリーニ島
2027-11-20,long,planned,アテネ
2028-03-25,long,planned,ギリシャVlog1時間
