date,title,paid,status
2025-02-13,自己紹介/初めてのnote/旅日記/独り言,,published
2025-02-13,【2025年版】日本のラグジュアリーホテルフォーブス星ランキングまとめ,,published
2025-02-14,【旅行計画①】サバンナのフォーシーズンズでラグジュアリーなサファリ体験,,published
2025-02-25,MSC World Europa地中海クルーズ 0.1 〜計画編〜：出航前のスペイン,,published
2025-02-26,元リッツ従業員が語るリッツとリッツ・カールトンの関係と歴史：世界最高のホテル,,published
2025-02-27,【宿泊前の深掘り】マンダリンオリエンタル・リッツ・マドリードの歴史と背景,,published
2025-07-09,【写真多数】ウォルドーフ・アストリア大阪宿泊記①ブランド紹介〜エントランス編,,published
2025-07-10,【写真多数】ウォルドーフ・アストリア大阪宿泊記②チェックイン編,,published
2025-07-10,【写真多数】ウォルドーフ・アストリア大阪宿泊記③ピーコックアレー編,,published
2025-07-11,【写真多数】ウォルドーフ・アストリア大阪宿泊記④スイートルームツアー編,,published
2025-07-13,【写真多数】ウォルドーフ・アストリア大阪宿泊記⑤館内施設とレストラン編,,published
2025-07-13,【写真多数】ウォルドーフ・アストリア大阪宿泊記⑥ナイトタイム編,,published
2025-07-13,【写真多数】ウォルドーフ・アストリア大阪宿泊記⑦モーニング編,,published
2025-07-14,【悪用厳禁】ゴールド会員でもスイートに！ウォルドーフアストリア大阪で起きた神対応の背景と考察,y,published
2025-07-15,【2025年完全版】日本の高級ホテルブランド格付けランキング,,published
2025-07-20,【考察】JWマリオット東京の価格は妥当か？ブランドから読み解く,,published
2025-07-21,【旅行計画②】サントリーニの夕日とAmanzoeで魂を癒す叙事詩,,published
2025-07-25,【旅行計画③】ウォルドーフ・アストリアでひたすらにあの頃の海を眺める,,published
2025-08-07,【2025年完全版】クルーズ船格付けランキング,,published
2025-09-26,【2025年完全版】マイラー必見！国際航空アライアンスまとめ,,published
2025-10-24,【完全版】海外旅行保険の仕組みと補償額の最大化戦略,,published
2025-10-27,【2025年完全版】海外旅行好きにおすすめの旅行スタイル別クレジットカード13選,,published
2025-10-30,【宿泊記】リッツ・カールトン ランカウイ-マレーの森に佇む至福のリトリート-,,published
2025-10-31,【宿泊記】ウェスティン ランカウイ-水上レストランkayuputiと癒しのheavenly spa-,,published
2025-11-01,【正直レビュー】国内の全リッツ・カールトンホテルランキング,,published
2025-11-05,【写真多数】パークハイアット ニセコHANAZONO宿泊記①ブランド紹介〜チェックイン編,,published
2025-11-05,【写真多数】パークハイアット ニセコHANAZONO宿泊記②ランチ編,,published
2025-11-06,【写真多数】パークハイアット ニセコHANAZONO宿泊記③ルーム編,,published
2025-11-08,【写真多数】パークハイアット ニセコHANAZONO宿泊記④館内施設編,,published
2025-11-09,【写真多数】パークハイアット ニセコHANAZONO宿泊記⑤ディナー編,,published
2025-11-09,【写真多数】パークハイアット ニセコHANAZONO宿泊記⑥モーニング編,,published
2025-11-10,【宿泊記】ヒルトンニセコヴィレッジ -野生の動物たちに招かれるニセコの大地-,,published
2025-11-10,【ニセコ旅行記】旅の最後は東山ニセコヴィレッジ リッツ・カールトン・リザーブで,,published
2025-11-11,【感謝】独り言のつもりが、半年間でいつの間にか3万人が読んでくれてた話,,published
2025-11-27,【計画全公開】2026年GWスペイン＆地中海クルーズの旅程と費用を全て出してみた,,published
2025-12-03,【完全版】MSCクルーズのボヤジャーズクラブで簡単にゴールドステータスになる方法,,published
2025-12-08,【正直レビュー】大阪ラグジュアリーホテル格付けランキングTOP5,,published
2025-12-09,【宿泊記】HOTEL THE MITSUI KYOTO -原点にして頂点-,,published
2025-12-19,【暗号解読】死ぬまでに必ず行きたい世界のホテルTOP5,y,published
2025-12-22,【旅行前に】サグラダ・ファミリアを100倍楽しむための、未完のノート,,published
2026-01-12,【旅行前に】サグラダ・ファミリア予習ページ①石の聖書編 〜彫刻が語るもの〜,,published
2026-01-13,【旅行前に】サグラダ・ファミリア予習ページ③ガウディの生涯編 〜カタルーニャが生んだ奇才〜,,published
2026-01-14,【旅行前に】サグラダ・ファミリア予習ページ②聖堂の構造編 〜自然が語るもの〜,,published
2026-01-14,【旅行前に】サグラダ・ファミリア予習ページ④ガウディの思想編 〜機能は象徴〜,,published
2026-01-15,【旅行前に】サグラダ・ファミリア予習ページ⑤スペイン内戦編 〜消えた設計図〜,,published
2026-01-15,【旅行前に】サグラダ・ファミリア予習ページ⑥音の聖堂編 〜楽器の奏でるもの〜,,published
2026-01-16,【旅行前に】サグラダ・ファミリア予習ページ⑦光の聖堂編 〜空からの十字架〜,,published
2026-01-18,【旅行前に】プラド美術館の絵画を100倍楽しむための、予習ノート,,published
2026-01-19,プラド美術館と「信仰」――宗教画がつくったスペインの精神,,published
2026-01-20,プラド美術館と「権力」――肖像画が描いた王という制度,,published
2026-01-20,プラド美術館と「正統性」――神話と歴史が王権を支えた理由,,published
2026-01-20,プラド美術館とゴヤ――王権美術が終わるとき,,published
2026-01-28,【解説と考察】マリオットから誕生日ギフトカードをいただいた話,,published
2026-02-02,【誕生日ギフト利用】300円で叶った、JW東京＆リッツ東京のひとりティータイム,,published
2026-02-12,【2026年版】日本のラグジュアリーホテルフォーブス星ランキングまとめ,,published
2026-02-26,【初心者必見】クルーズのカジノで負けないための数学的ルール,,published
2026-02-27,【クルーズ前必読】ブラックジャックで期待値99.5%を目指す基本戦略,,published
2026-03-21,【計画編】地中海クルーズ寄港地ランキングTOP6〜時間が足りなすぎる旅〜,,published
2026-03-22,【初心者向け】初めての地中海クルーズ｜船とルート選びで迷った私の決め方,,published
2026-03-23,【ソースコード公開】ブラックジャック期待値シミュレーターの裏側,y,published
2026-03-24,【検証】ブラックジャックの期待値99.5%は本当か？LINEでシミュレーションしてみた,y,published
2026-03-29,バルセロナからメッシーナへ 500年前と重なる地中海の航路 ─ドン・フアン・デ・アウストリアの物語,,published
2026-03-29,【旅行前に】サグラダ・ファミリア予習ページ⑧ 未完の聖堂編 〜ガウディの美学〜,,published
2026-04-06,【宿泊記】SORANO HOTEL -都会の喧騒から完全脱出できるオアシス-,,published
2026-04-08,【旅行計画④】リッツ・マドリードで過ごす一夜限りの貴族時間,,published
2026-04-17,【完全版】ラグジュアリーホテル5タイプ適正診断｜後悔する人の共通点,y,published
2026-05-12,【宿泊記】マンダリン・オリエンタル リッツ マドリード -芸術の三角地帯に立つ116年前の邸宅-,,published
2026-05-13,【グルメ体験記】マドリードの名門ホテルで人生初のミシュラン二つ星を堪能,,published
2026-05-18,【2026年実体験】 MSC World Europa 地中海クルーズ完全ガイド,,published
2026-05-20,【2026年完全版】MSC World Europaテラス付きグランドスイートアウレアの部屋と特典を公開,,published
2026-05-21,【テニス観戦】東京で観たATP500とマドリードで観たATP1000は別のスポーツに感じた,,published
2026-05-25,【2026年実体験】バルセロナ完全ガイド｜モデルコース・観光・交通・グルメ・費用まとめ,,published
2026-05-27,【2026年実体験】マドリード観光は5時間でも楽しめる？実際に回った弾丸ルートを公開,,published
2026-05-28,【2026年実体験】MSCボヤジャーズクラブ ゴールド特典は価値ある？初クルーズで検証,,published
2026-05-30,【グルメ体験記】マルセイユのTuba Clubで透き通る青い地中海を見ながらランチ,,published
2026-05-31,【2026年実体験】マルセイユ寄港地完全ガイド｜半日モデルコースと移動方法,,published
2026-06-02,【2026年実体験】ジェノヴァ寄港地完全ガイド｜半日モデルコースとグルメ紹介,,published
2026-06-05,【2026年実体験】ナポリ寄港地完全ガイド｜半日モデルコースと穴場ピザを紹介,,published
2026-06-08,【2026年実体験】メッシーナ寄港地完全ガイド｜タオルミーナ半日モデルコース紹介,,published
2026-06-10,【2026年実体験】ヴァレッタ寄港地完全ガイド｜半日モデルコースと電波のない旧市街,,published
2026-06-11,【2026年完全版】日本の高級ホテルブランド格付けランキング,,published
2026-06-12,【正直レビュー】AMEXセンチュリオンラウンジ羽田を2時間利用してみた感想｜食事・バー・シャワーを徹底解説,,published
2026-06-13,【正直レビュー】AMEXセンチュリオンラウンジ香港を1時間利用してみた感想｜食事・バー・シャワーを徹底解説,,published
2026-06-18,【正直レビュー】香港空港のカードラウンジTOP4｜食事・バー・シャワー解説付き,,published
2026-06-24,【2026年最新版】今後開業する東京のラグジュアリーホテルまとめ,,published
2026-07-04,【正直レビュー】東京駅ビューゴールドラウンジを1時間利用してみた感想｜サービス内容・雰囲気を徹底解説,,published
2026-07-09,【感謝】noteを本格的に始めて1年。いつも読んでくださり、本当にありがとうございます,,published
2026-07-11,【正直レビュー】東北新幹線はやぶさの食事付きグランクラスを初めて利用してみた｜サービス・軽食・雰囲気を徹底解説,,published
2026-07-26,【2026年完全版】ヒルトンアメックスの無料宿泊特典はどこで使うべき？本気で厳選したホテル16選,,published
2026-07-29,【2026年完全版】ヒルトンアメックスの無料宿泊特典で2連泊におすすめ超高級ホテル4選,,published
2026-08-06,カラヴァッジョ『洗礼者ヨハネの斬首』とは？見る前に知っておきたい聖書の物語,,published
2026-08-27,【マイル戦略】ANAでもJALでもない。最高級ビジネスクラスを目指して私が選んだマイル,,published
,実際にスペイン＆クルーズでいくらかかったか、計画予算全て見せます,y,idea
,【保存版】MSCワールドエウローパ乗船前に知っておきたい50のこと｜予習して役立ったこと＆後悔したことをすべて公開,y,idea
,ヒルトンアメックスの無料宿泊特典、それぞれの1泊あたり実質還元率を全部計算してランキングにした,y,idea
,高級ホテルブランド格付け、採点シートの中身を全部見せます」,y,idea
